{"axis": [[0.0, 0.0, 1.0], [0.0, 1.0, 0.0], [0.0, 1.0, 0.0], [0.0, 0.0, 1.0], [0.0, 0.0, 1.0]], "stl": ["link0.stl", "link1.stl", "link2.stl", "link3.stl", "link4.stl"], "axis_range": [[0.0, 0.0], [0.0, 1.5707963267948966], [0.0, 1.5707963267948966], [-0.5235987755982988, 0.5235987755982988], [-0.5235987755982988, 0.5235987755982988]], "joint": [[0.0, 0.0, 0.0], [27.54, 0.31, 13.38], [1.86, 0.31, 43.99], [-29.28, -1.64, 43.29], [-29.25, 1.42, 43.59]], "root_idx": [null, 0, 1, 2, 2]}