{"axis": [[0.0, 0.0, 1.0], [1.0, 0.0, 0.0], [1.0, 0.0, 0.0], [1.0, 0.0, 0.0], [0.0, 0.0, 1.0]], "stl": ["link0.stl", "link1.stl", "link2.stl", "link3.stl", "link4.stl"], "axis_range": [[0.0, 0.0], [0.0, 1.5707963267948966], [0.0, 1.5707963267948966], [0.0, -0.7853981633974483], [-3.141592653589793, 3.141592653589793]], "joint": [[0.0, 0.0, 0.0], [26.0, 5.0, 51.5], [-17.0, -22.5, 168.5], [15.0, -19.5, 95.5], [1.5, 32.75, 112.63]], "root_idx": [null, 0, 1, 2, 3]}