{"axis": [[0.0, 0.0, 1.0], [0.0, 0.0, 1.0], [1.0, 0.0, 0.0], [1.0, 0.0, 0.0], [0.0, 0.0, 1.0], [0.0, 0.0, 1.0]], "stl": ["link0.stl", "link1.stl", "link2.stl", "link3.stl", "link4.stl", "link5.stl"], "axis_range": [[0.0, 0.0], [-3.141592653589793, 3.141592653589793], [-0.5235987755982988, 0.5235987755982988], [-0.5235987755982988, 0.5235987755982988], [-0.5235987755982988, 0.5235987755982988], [-0.5235987755982988, 0.5235987755982988]], "joint": [[0.0, 0.0, 0.0], [0.0, -0.68, 27.5], [0.0, -0.68, 40.42], [0.0, -60.74, 102.0], [-13.5, 17.25, 135.0], [13.5, 17.25, 135.0]], "root_idx": [null, 0, 1, 2, 3, 3]}