{"axis": [[0.0, 0.0, 1.0], [0.0, 0.0, 1.0], [0.0, 1.0, 0.0], [0.0, 1.0, 0.0]], "stl": ["link0.stl", "link1.stl", "link2.stl", "link3.stl"], "axis_range": [[0.0, 0.0], [-3.141592653589793, 3.141592653589793], [-1.5707963267948966, 1.5707963267948966], [0.0, 3.141592653589793]], "joint": [[0.0, 0.0, 0.0], [26.47, 1.4, 11.0], [21.21, -0.17, 72.42], [10.42, -0.79, 133.47]], "root_idx": [null, 0, 1, 2]}