{"axis": [[0.0, 0.0, 1.0], [0.0, 0.0, 1.0], [0.0, 1.0, 0.0], [0.0, 1.0, 0.0], [1.0, 0.0, 0.0]], "stl": ["link0.stl", "link1.stl", "link2.stl", "link3.stl", "link4.stl"], "axis_range": [[0.0, 0.0], [-3.141592653589793, 3.141592653589793], [0.0, 1.5707963267948966], [0.0, 1.5707963267948966], [-3.141592653589793, 3.141592653589793]], "joint": [[0.0, 0.0, 0.0], [81.0, -5.0, 44.5], [88.0, 1.5, 72.0], [23.0, -17.5, 72.0], [-39.0, 2.5, 67.0]], "root_idx": [null, 0, 1, 2, 3]}