{"axis": [[0.0, 0.0, 1.0], [0.0, 1.0, 0.0], [0.0, 1.0, 0.0], [0.0, 1.0, 0.0]], "stl": ["link0.stl", "link1.stl", "link2.stl", "link3.stl"], "axis_range": [[0.0, 0.0], [0.0, 1.0471975511965976], [-0.5235987755982988, 1.5707963267948966], [-0.5235987755982988, 1.5707963267948966]], "joint": [[0.0, 0.0, 0.0], [23.75, 2.69, 33.0], [32.77, 4.19, 64.0], [-17.25, 3.84, 84.0]], "root_idx": [null, 0, 1, 2]}