{"axis": [[0.0, 0.0, 1.0], [0.0, 1.0, 0.0], [0.0, 1.0, 0.0], [0.0, 1.0, 0.0]], "stl": ["link0.stl", "link1.stl", "link2.stl", "link3.stl"], "axis_range": [[0.0, 0.0], [0.0, 0.5235987755982988], [-1.0471975511965976, 1.0471975511965976], [-1.5707963267948966, 0.0]], "joint": [[0.0, 0.0, 0.0], [-25.5, 0.0, 63.0], [-21.5, 0.0, 105.5], [-19.9, 0.0, 133.75]], "root_idx": [null, 0, 1, 2]}