{"axis": [[0.0, 0.0, 1.0], [0.0, 1.0, 0.0], [0.0, 1.0, 0.0], [0.0, 1.0, 0.0]], "stl": ["link0.stl", "link1.stl", "link2.stl", "link3.stl"], "axis_range": [[0.0, 0.0], [0.0, 0.7853981633974483], [0.0, 0.7853981633974483], [0.0, 0.7853981633974483]], "joint": [[0.0, 0.0, 0.0], [7.88, -0.5, 29.5], [10.75, -0.5, 67.5], [-26.87, -0.5, 59.37]], "root_idx": [null, 0, 1, 2]}