{"axis": [[0.0, 0.0, 1.0], [0.0, 0.0, 1.0], [0.0, 0.0, 1.0], [0.0, 0.0, 1.0]], "stl": ["link0.stl", "link1.stl", "link2.stl", "link3.stl"], "axis_range": [[0.0, 0.0], [-3.141592653589793, 3.141592653589793], [-0.7853981633974483, 2.356194490192345], [-3.141592653589793, 3.141592653589793]], "joint": [[0.0, 0.0, 0.0], [-40.0, 13.5, 50.0], [19.0, 13.5, 50.0], [48.0, -15.5, 59.37]], "root_idx": [null, 0, 1, 2]}