{"axis": [[0.0, 0.0, 1.0], [0.0, 0.0, 1.0], [1.0, 0.0, 0.0], [0.0, 1.0, 0.0], [0.0, 0.0, -1.0]], "stl": ["link0.stl", "link1.stl", "link2.stl", "link3.stl", "link4.stl"], "axis_range": [[0.0, 0.0], [-3.141592653589793, 3.141592653589793], [0, 1.5707963267948966], [-3.141592653589793, 3.141592653589793], [-0.5235987755982988, 0.5235987755982988]], "joint": [[0.0, 0.0, 0.0], [0.25, -9.78, 7.29], [0.25, -36.23, 70.5], [-0.05, 20.27, 72.52], [-0.22, 28.77, 72.81]], "root_idx": [null, 0, 1, 2, 3]}