{"axis": [[0.0, 0.0, 1.0], [0.0, 0.0, 1.0], [0.0, 1.0, 0.0], [0.0, 1.0, 0.0], [1.0, 0.0, 0.0]], "stl": ["link0.stl", "link1.stl", "link2.stl", "link3.stl", "link4.stl"], "axis_range": [[0.0, 0.0], [-3.141592653589793, 3.141592653589793], [-1.5707963267948966, 0.0], [-1.5707963267948966, 0.0], [-3.141592653589793, 3.141592653589793]], "joint": [[0.0, 0.0, 0.0], [-51.32, 1.0, 50.0], [-97.0, -20.0, 95.0], [1.0, -20.0, 192.0], [64.31, -25.14, 192.03]], "root_idx": [null, 0, 1, 2, 3]}