{"axis": [[0.0, 0.0, 1.0], [1.0, 0.0, 0.0], [1.0, 0.0, 0.0], [1.0, 0.0, 0.0]], "stl": ["link0.stl", "link1.stl", "link2.stl", "link3.stl"], "axis_range": [[0.0, 0.0], [-0.7853981633974483, 0.7853981633974483], [0.0, 1.5707963267948966], [-0.5235987755982988, 1.5707963267948966]], "joint": [[0.0, 0.0, 0.0], [2.5, -23.42, 37.24], [1.95, -23.44, 88.24], [2.25, 21.24, 108.32]], "root_idx": [null, 0, 1, 2]}