{"axis": [[0.0, 0.0, 1.0], [0.0, 0.0, 1.0], [1.0, 0.0, 0.0], [1.0, 0.0, 0.0], [1.0, 0.0, 0.0]], "stl": ["link0.stl", "link1.stl", "link2.stl", "link3.stl", "link4.stl"], "axis_range": [[0.0, 0.0], [-3.141592653589793, 3.141592653589793], [-1.5707963267948966, 1.5707963267948966], [-0.7853981633974483, 0.7853981633974483], [-0.7853981633974483, 0.7853981633974483]], "joint": [[0.0, 0.0, 0.0], [0.0, 0.0, 37.07], [2.0, 10.0, 66.0], [2.0, 9.0, 144.0], [2.0, 9.0, 230.0]], "root_idx": [null, 0, 1, 2, 3]}