{"axis_range": [[0.0, 0.0], [-1.5707963267948966, 1.5707963267948966]], "stl": ["link0.stl", "link1.stl"], "root_idx": [null, 0], "joint": [[0.0, 0.0, 0.0], [-15.5, 0.0, 31.0]], "axis": [[0.0, 0.0, 1.0], [0.0, 0.0, 1.0]]}