{"axis": [[0.0, 0.0, 1.0], [0.0, 0.0, 1.0], [0.0, 1.0, 0.0]], "stl": ["link0.stl", "link1.stl", "link2.stl"], "axis_range": [[0.0, 0.0], [-1.5707963267948966, 1.5707963267948966], [-1.5707963267948966, 0.0]], "joint": [[0.0, 0.0, 0.0], [-28.0, 0.0, 0.0], [-2.25, -1.75, 21.25]], "root_idx": [null, 0, 1]}