{"axis_range": [[0.0, 0.0], [-3.141592653589793, 3.141592653589793]], "stl": ["link0.stl", "link1.stl"], "root_idx": [null, 0], "joint": [[0.0, 0.0, 0.0], [-20.0, 0.0, 34.37]], "axis": [[0.0, 0.0, 1.0], [1, 0, 0.0, 0.0]]}