{"joint": [[0.0, 0.0, 0.0], [1.59, -28.5, 81.5]], "stl": ["fan_base.stl", "fan_link.stl"], "root_idx": [null, 0], "axis": [[0.0, 0.0, 1.0], [0.0, 1.0, 0.0]], "axis_range": [[0.0, 0.0], [-3.141592653589793, 3.141592653589793]]}