{"joint": [[0.0, 0.0, 0.0], [33.38, -30.21, 20.11], [-33.38, -30.21, 20.11]], "root_idx": [null, 0, 0], "axis_range": [[0.0, 0.0], [-1.0471975511965976, 1.0471975511965976], [-1.0471975511965976, 1.0471975511965976]], "stl": ["link0.stl", "link1.stl", "link2.stl"], "axis": [[0.0, 0.0, 1.0], [0.0, 0.0, 1.0], [0.0, 0.0, 1.0]]}