{"joint": [[0.0, 0.0, 0.0], [-35.0, -4.94, 11.0], [-35.0, -4.94, 11.0]], "root_idx": [null, 0, 0], "stl": ["link0.stl", "link1.stl", "link2.stl"], "axis_range": [[0.0, 0.0], [-3.141592653589793, 3.141592653589793], [-3.141592653589793, 3.141592653589793]], "axis": [[0.0, 0.0, 1.0], [0.0, 1.0, 0.0], [0.0, 1.0, 0.0]]}