{"axis": [[0.0, 0.0, 1.0], [1.0, 0.0, 0.0]], "stl": ["link0.stl", "link1.stl"], "axis_range": [[0.0, 0.0], [-2.356194490192345, 2.356194490192345]], "joint": [[0.0, 0.0, 0.0], [0.0, -0.59, 1.98]], "root_idx": [null, 0]}