{"axis": [[0.0, 0.0, 1.0], [0.0, 1.0, 0.0]], "stl": ["link0.stl", "link1.stl"], "axis_range": [[0.0, 0.0], [-1.5707963267948966, 1.5707963267948966]], "joint": [[0.0, 0.0, 0.0], [0.0, 0.0, 8.0]], "root_idx": [null, 0]}