{"axis": [[0.0, 0.0, 1.0], [0.0, 1.0, 0.0]], "stl": ["link0.stl", "link1.stl"], "axis_range": [[0.0, 0.0], [-0.7853981633974483, 0.7853981633974483]], "joint": [[0.0, 0.0, 0.0], [-1.94, 0.0, 4.87]], "root_idx": [null, 0]}