{"axis": [[0.0, 0.0, 1.0], [0.0, 1.0, 0.0], [0.0, 1.0, 0.0]], "stl": ["link0.stl", "link1.stl", "link2.stl"], "axis_range": [[0.0, 0.0], [-3.141592653589793, 3.141592653589793], [-1.5707963267948966, 1.5707963267948966]], "joint": [[0.0, 0.0, 0.0], [0.13, 0.84, 5.25], [0.13, 0.84, 5.25]], "root_idx": [null, 0, 0]}