{"axis": [[0.0, 0.0, 1.0], [0.0, 0.0, 1.0]], "stl": ["link0.stl", "link1.stl"], "axis_range": [[0.0, 0.0], [-0.7853981633974483, 3.9269908169872414]], "joint": [[0.0, 0.0, 0.0], [13.51, 25.5, 20.0]], "root_idx": [null, 0]}