{"axis": [[0.0, 0.0, 1.0], [0.0, 1.0, 0.0], [0.0, 1.0, 0.0]], "stl": ["link0.stl", "link1.stl", "link2.stl"], "axis_range": [[0.0, 0.0], [-1.5707963267948966, 1.5707963267948966], [-1.5707963267948966, 1.5707963267948966]], "joint": [[0.0, 0.0, 0.0], [6.59, 0.2, 4.91], [-6.23, 0.2, 4.91]], "root_idx": [null, 0, 0]}