{"axis": [[0.0, 0.0, 1.0], [1.0, 0.0, 0.0]], "stl": ["link0.stl", "link1.stl"], "axis_range": [[0.0, 0.0], [-1.427996660722633, 1.427996660722633]], "joint": [[0.0, 0.0, 0.0], [0.0, 0.0, 10.0]], "root_idx": [null, 0]}