{"joint": [[0.0, 0.0, 0.0], [0.0, 8.34, 38.0]], "stl": ["link0.stl", "link1.stl"], "axis": [[0.0, 0.0, 1.0], [1.0, 0.0, 0.0]], "axis_range": [[0.0, 0.0], [-1.5707963267948966, 1.5707963267948966]], "root_idx": [null, 0]}