{"axis": [[0.0, 0.0, 1.0], [0.0, 1.0, 0.0], [0.0, 1.0, 0.0]], "stl": ["link0.stl", "link1.stl", "link2.stl"], "axis_range": [[0.0, 0.0], [-0.39269908169872414, 0.39269908169872414], [-0.39269908169872414, 0.39269908169872414]], "joint": [[0.0, 0.0, 0.0], [-14.29, -0.14, 13.57], [-6.29, -0.36, 37.57]], "root_idx": [null, 0, 1]}