{"joint": [[0.0, 0.0, 0.0], [0.0, 15.0, 62.11]], "stl": ["link0.stl", "link1.stl"], "axis": [[0.0, 0.0, 1.0], [1.0, 0.0, 0.0]], "axis_range": [[0.0, 0.0], [-1.0471975511965976, 1.0471975511965976]], "root_idx": [null, 0]}