{"axis": [[0.0, 0.0, 1.0], [0.0, 1.0, 0.0]], "stl": ["link0.stl", "link1.stl"], "axis_range": [[0.0, 0.0], [-0.5235987755982988, 0.5235987755982988]], "joint": [[0.0, 0.0, 0.0], [30.0, -6.0, 71.0]], "root_idx": [null, 0]}