{"stl": ["link0.stl", "link1.stl", "link2.stl"], "root_idx": [null, 0, 1], "axis_range": [[0.0, 0.0], [0.0, 0.0], [-3.141592653589793, 3.141592653589793]], "joint": [[0.0, 0.0, 0.0], [-0.45, -12.5, 17.5], [-15.45, -13.0, 44.5]], "axis": [[0.0, 0.0, 1.0], [0.0, 1.0, 0.0], [0.0, 1.0, 0.0]]}