{"axis": [[0.0, 0.0, 1.0], [1.0, 0.0, 0.0], [1.0, 0.0, 0.0], [1.0, 0.0, 0.0]], "stl": ["link0.stl", "link1.stl", "link2.stl", "link3.stl"], "axis_range": [[0.0, 0.0], [0.0, 0.7853981633974483], [-0.5235987755982988, 0.5235987755982988], [-0.5235987755982988, 0.5235987755982988]], "joint": [[0.0, 0.0, 0.0], [-0.4, 2.87, 3.75], [-0.35, 21.89, 36.62], [-0.3, 2.67, 72.26]], "root_idx": [null, 0, 1, 2]}