{"joint": [[0.0, 0.0, 0.0], [0.0, 8.47, 14.02], [0.0, 0.29, 25.39]], "stl": ["link0.stl", "link1.stl", "link2.stl"], "axis": [[0.0, 0.0, 1.0], [1.0, 0.0, 0.0], [1.0, 0.0, 0.0]], "axis_range": [[0.0, 0.0], [-1.0471975511965976, 1.0471975511965976], [-1.5707963267948966, 0.0]], "root_idx": [null, 0, 1]}