{"joint": [[0.0, 0.0, 0.0], [-21.5, -1.5, 31.0], [-8.45, -1.5, 73.48]], "stl": ["link0.stl", "link1.stl", "link2.stl"], "axis": [[0.0, 0.0, 1.0], [0.0, 1.0, 0.0], [0.0, 1.0, 0.0]], "axis_range": [[0.0, 0.0], [-2.0943951023931953, 1.0471975511965976], [-2.0943951023931953, 0.5235987755982988]], "root_idx": [null, 0, 1]}