{"axis": [[0.0, 0.0, 1.0], [0.80921422, -0.14885211, 0.56834443], [-0.63343552, 0.04778767, 0.77231844]], "stl": ["link0.stl", "link1.stl", "link2.stl"], "axis_range": [[0.0, 0.0], [-0.7853981633974483, 0.7853981633974483], [-0.7853981633974483, 0.7853981633974483]], "joint": [[0.0, 0.0, 0.0], [26.91, 0.94, 23.9], [1.46, 2.86, 54.93]], "root_idx": [null, 0, 1]}