{"joint": [[0.0, 0.0, 0.0], [-0.5, 12.0, 60.5]], "stl": ["link0.stl", "link1.stl"], "axis": [[0.0, 0.0, 1.0], [1.0, 0.0, 0.0]], "axis_range": [[0.0, 0.0], [-1.5707963267948966, 0.5235987755982988]], "root_idx": [null, 0]}