{"joint": [[0.0, 0.0, 0.0], [-29.04, -0.16, 5.58], [-17.81, -0.16, 30.11]], "stl": ["link0.stl", "link1.stl", "link2.stl"], "axis": [[0.0, 0.0, 1.0], [0.0, 1.0, 0.0], [0.0, 1.0, 0.0]], "axis_range": [[0.0, 0.0], [-1.0471975511965976, 1.0471975511965976], [-2.0943951023931953, 1.0471975511965976]], "root_idx": [null, 0, 1]}