{"joint": [[0.0, 0.0, 0.0], [1.0, 13.48, 32.23], [1.0, -5.45, 54.23]], "stl": ["link0.stl", "link1.stl", "link2.stl"], "axis": [[0.0, 0.0, 1.0], [1.0, 0.0, 0.0], [1.0, 0.0, 0.0]], "axis_range": [[0.0, 0.0], [-2.356194490192345, 0.7853981633974483], [-2.356194490192345, 0.7853981633974483]], "root_idx": [null, 0, 1]}
