{"axis": [[0.0, 0.0, 1.0], [0.0, 1.0, 0.0]], "stl": ["link0.stl", "link1.stl"], "axis_range": [[0.0, 0.0], [-1.5707963267948966, 0.39269908169872414]], "joint": [[0.0, 0.0, 0.0], [7.5, -1.5, 114.5]], "root_idx": [null, 0]}