{"joint": [[0.0, 0.0, 0.0], [0.0, 6.0, 10.0], [0.0, 16.5, 31.5]], "stl": ["link0.stl", "link1.stl", "link2.stl"], "axis": [[0.0, 0.0, 1.0], [1.0, 0.0, 0.0], [1.0, 0.0, 0.0]], "axis_range": [[0.0, 0.0], [-1.0471975511965976, 1.0471975511965976], [-1.0471975511965976, 1.0471975511965976]], "root_idx": [null, 0, 1]}