{"axis": [[0.0, 0.0, 1.0], [0.0, 0.0, 1.0]], "stl": ["link0.stl", "link1.stl"], "axis_range": [[0.0, 0.0], [-3.141592653589793, 3.141592653589793]], "joint": [[0.0, 0.0, 0.0], [15.0, 4.5, 63.5]], "root_idx": [null, 0]}