{"axis": [[0.0, 0.0, 1.0], [0.0, 0.0, 1.0], [0.0, 0.0, 1.0]], "stl": ["link0.stl", "link1.stl", "link2.stl"], "axis_range": [[0.0, 0.0], [-1.5707963267948966, 0.0], [-0.6283185307179586, 0.6283185307179586]], "joint": [[0.0, 0.0, 0.0], [12.79, -9.6, 0.0], [-12.33, -6.12, 0.0]], "root_idx": [null, 0, 0]}