{"axis": [[0.0, 0.0, 1.0], [0.0, 1.0, 0.0], [0.0, 1.0, 0.0]], "stl": ["link0.stl", "link1.stl", "link2.stl"], "axis_range": [[0.0, 0.0], [0.0, 2.356194490192345], [-2.356194490192345, 0.0]], "joint": [[0.0, 0.0, 0.0], [-6.5, -0.26, 7.22], [2.36, -0.51, 25.73]], "root_idx": [null, 0, 1]}