{"axis": [[0.0, 0.0, 1.0], [0.0, 1.0, 0.0], [0.0, 1.0, 0.0], [0.0, 1.0, 0.0]], "stl": ["link0.stl", "link1.stl", "link2.stl", "link3.stl"], "axis_range": [[0.0, 0.0], [-1.5707963267948966, 0.0], [-1.5707963267948966, 0.0], [0.0, 1.5707963267948966]], "joint": [[0.0, 0.0, 0.0], [-26.0, 0.0, 10.0], [4.5, 0.0, 43.0], [36.5, 0.0, 52.0]], "root_idx": [null, 0, 1, 2]}