{"axis": [[0.0, 0.0, 1.0], [0.0, 1.0, 0.0], [0.0, 1.0, 0.0]], "stl": ["link0.stl", "link1.stl", "link2.stl"], "axis_range": [[0.0, 0.0], [-0.7853981633974483, 0.7853981633974483], [-0.7853981633974483, 0.7853981633974483]], "joint": [[0.0, 0.0, 0.0], [-13.0, 0.0, 4.75], [33.0, 0.0, 4.75]], "root_idx": [null, 0, 1]}