{"axis": [[0.0, 0.0, 1.0], [0.0, 0.0, 1.0], [1.0, 0.0, 0.0]], "stl": ["link0.stl", "link1.stl", "link2.stl"], "axis_range": [[0.0, 0.0], [-1.5707963267948966, 0.0], [-0.7853981633974483, 0.7853981633974483]], "joint": [[0.0, 0.0, 0.0], [10.0, 18.0, 14.75], [9.46, -29.0, 12.91]], "root_idx": [null, 0, 0]}