{"axis": [[0.0, 0.0, 1.0], [0.0, 1.0, 0.0], [1.0, 0.0, 0.0]], "stl": ["link0.stl", "link1.stl", "link2.stl"], "axis_range": [[0.0, 0.0], [0.0, 1.5707963267948966], [0.0, 1.5707963267948966]], "joint": [[0.0, 0.0, 0.0], [-9.0, -8.0, 12.5], [-9.0, -8.0, 44.5]], "root_idx": [null, 0, 0]}