{"axis_range": [[0.0, 0.0], [-1.0471975511965976, 1.0471975511965976], [-1.0471975511965976, 1.0471975511965976], [-1.0471975511965976, 1.0471975511965976]], "stl": ["link0.stl", "link1.stl", "link2.stl", "link3.stl"], "root_idx": [null, 0, 1, 2], "joint": [[0.0, 0.0, 0.0], [-50.0, 0.0, 10.0], [-19.0, 0.0, 10.0], [12.0, 0.0, 10.0]], "axis": [[0.0, 0.0, 1.0], [0.0, 0.0, 1.0], [0.0, 0.0, 1.0], [0.0, 0.0, 1.0]]}