{"axis_range": [[0.0, 0.0], [-1.0471975511965976, 1.0471975511965976], [-1.0471975511965976, 1.0471975511965976], [-1.0471975511965976, 1.0471975511965976], [-1.0471975511965976, 1.0471975511965976]], "stl": ["link0.stl", "link1.stl", "link2.stl", "link3.stl", "link4.stl"], "root_idx": [null, 0, 1, 2, 3], "joint": [[0.0, 0.0, 0.0], [-65.0, 0.0, 8.0], [-20.0, 0.0, 8.0], [23.0, 0.0, 8.0], [67.0, 0.0, 8.0]], "axis": [[0.0, 0.0, 1.0], [0.0, 0.0, 1.0], [0.0, 0.0, 1.0], [0.0, 0.0, 1.0], [0.0, 0.0, 1.0]]}