{"axis_range": [[0.0, 0.0], [-1.5707963267948966, 1.5707963267948966], [-1.5707963267948966, 1.5707963267948966]], "stl": ["link0.stl", "link1.stl", "link2.stl"], "root_idx": [null, 0, 1], "joint": [[0.0, 0.0, 0.0], [-19.0, 0.0, 5.0], [27.0, 1.0, 5.0]], "axis": [[0.0, 0.0, 1.0], [0.0, 0.0, 1.0], [0.0, 0.0, 1.0]]}