{"axis_range": [[0.0, 0.0], [-0.6283185307179586, 0.6283185307179586], [-0.6283185307179586, 0.6283185307179586]], "stl": ["link0.stl", "link1.stl", "link2.stl"], "root_idx": [null, 0, 1], "joint": [[0.0, 0.0, 0.0], [13.76, 0.0, 2.44], [4.69, 0.0, 2.44]], "axis": [[0.0, 0.0, 1.0], [0.0, 0.0, 1.0], [0.0, 0.0, 1.0]]}