{"axis_range": [[0.0, 0.0], [-1.0471975511965976, 1.0471975511965976], [-1.0471975511965976, 1.0471975511965976]], "stl": ["link0.stl", "link1.stl", "link2.stl"], "root_idx": [null, 0, 1], "joint": [[0.0, 0.0, 0.0], [-29.0, -0.5, 5.0], [-3.0, -0.5, 5.0]], "axis": [[0.0, 0.0, 1.0], [0.0, 0.0, 1.0], [0.0, 0.0, 1.0]]}